item_id,item_desc,quantity
9780297609315,HD FAST FOOD,1
9780297844969,POWER OF SHAPE,2
9780297858355,IMPROVE DECLAR,1
9780297866282,ABBOT SQUEEZE,1
9780297871132,CRBBGE PLAY WN,2
9780297871415,DORMR DEDUCTN,6
9780304363308,IMPRV BDNG PLY,1
9780304364763,BETTER BRIDGE,2
9780304365876,100 WINNG BRDG,1
9780304368075,ADVENTURS CARD,1
9780340212370,WALLACE,1
9780340371862,BRUCE TRILOGY,1
9780340612118,WHN JESUS RTRN,1
9780340612576,IMPACT OF GOD,2
9780340689547,TUNNEL RATS,1
9780340844106,PILGRIM PROGRS,2
9780340861899,CHALLENGE,2
9780340875582,MIXED UP TALES,2
9780340919408,ALEX FERGUSON,2
9780340921692,HOT BLOOD,1
9780340956489,HENDERSON'S BO,1
9780340977620,FAITHFUL PLACE,1
9780340988954,SIX DINNER SID,2
9780340994559,CAR FEVER,1
9780340999172,HENDERSON'S BO,1
9780340999202,CHERUB: PEOPLE,1
9780340999240,CHERUB: BLACK,1
9780340999615,SECRET BRKRS 1,1
9780340999790,JACK AND JILL,2
9780349001821,ES  FRNDS FSCO,2
9780349005713,FOX AT MANGER,1
9780349007472,HEADMISTRESS,1
9780349007540,MOLLY KEANE,1
9780349009308,ANNE GRN GBLES,2
9780349009384,ANNE OF AVNLEA,2
9780349009445,ANNE WNDY WLLW,4
9780349009490,ANNE INGLESIDE,2
9780349009674,GHOST STORIES,1
9780349010007,WRLD MY WLDRNS,1
9780349010021,CREWE TRAIN,1
9780349010694,EVE: THE NEW G,4
9780349011493,THOROUGHLY MOD,5
9780349011837,GOOD WIVES,1
9780349012285,BETWEEN FRIEN,1
9780349013336,SECRTDIARYMAV2,7
9780349014005,CINDERELLA AT,1
9780349014623,WHERE ARE YO,1
9780349016986,VIRAGO BK WTCH,2
9780349017143,FURIES,15
9780349017167,FURIES,1
9780349017402,FAT BLACK W,5
9780349017419,SADEIAN WOMAN,1
9780349018652,LOVE AMONG T,3
9780349107783,BAD SEED,1
9780349115511,GEORGE ORWELL,2
9780349123394,VIKING FIRE,1
9780349123837,DYNASTY,1
9780349128498,POWER OF ART,1
9780349128672,CHASING SHAD,8
9780349130873,FACING THE MUS,4
9780349134741,BEACH HOUSE,1
9780349135090,LIMITED EDITIO,1
9780349135113,LTD EDITION 1,2
9780349135137,ELECTRONICALLY,4
9780349135205,MISSING WIFE A,1
9780349135243,MURDER AND THE,14
9780349135304,NEW PURITANS,1
9780349135564,MERCY CHAIR,60
9780349141602,TWOPENCE COL,2
9780349142517,BLIND DEFENC,3
9780349143484,GOLDEN RULE,1
9780349143521,FATAL PROOF,2
9780349143644,AFTERNOONS WIT,1
9780349144115,THROUGH LOOKIN,1
9780349144443,MIGRANTS,17
9780349144474,WHEN THERE WER,2
9780349144672,SPIRITUAL PATH,2
9780349144849,GETTING RID OF,1
9780349144856,HAPPY NOW,1
9780349144863,FULL WHACK,2
9780349144870,KING OF THE AN,3
9780349145105,GLOWING STIL,14
9780349145488,STILL A BIT,1
9780349146270,ATTEN ALL SHIP,1
9780349401058,TODDLERCALM,1
9780349404868,AUTHENTIC,1
9780349405209,GENTLE SLEEP B,1
9780349408729,GENTLE PARENTI,1
9780349410104,TEARS HEAL,1
9780349413112,MERMAID SCREAM,1
9780349414003,IMPRV YR DGSTN,1
9780349415826,FOOD EFFECT DT,1
9780349416311,SHADOWS,1
9780349416335,OMENS,1
9780349417073,BONE DRIVEN,1
9780349418919,PLAGUE MAIDEN,1
9780349419343,SUPERCUTE FUTU,3
9780349419411,LITTLE BOOK OF,2
9780349420042,SECOND BABY BO,2
9780349420738,WHEN DARKNESS,1
9780349421513,GOING SOLO,2
9780349422206,ORGANISED MUM,1
9780349423333,SISTER TO SIST,1
9780349425023,BOOK OF TAROT,1
9780349425191,WORKHOUSE SIST,4
9780349425313,EVERYTHING I H,2
9780349425429,MIND OVER MOTH,3
9780349425641,LITTLE BOOK OF,2
9780349425757,SERPENT'S POIN,1
9780349427232,ROSE DAUGHTER,6
9780349427775,BETWEEN,9
9780349428475,REAPER,1
9780349428499,HUNTED,2
9780349428710,CENTRAL LINE,9
9780349428819,THE 7 QUESTI,4
9780349429199,BOOTSTRAP YOUR,1
9780349429281,BUSY@HOME,2
9780349429298,ANGELS OF VENI,2
9780349429359,RISE AND SHINE,3
9780349430379,LITTLE BOOK OF,2
9780349431185,OLD SCHOOL TIE,2
9780349431284,BEGINNINGS,1
9780349431499,STRANGER BESID,1
9780349432717,LOST DAUGHTER,6
9780349433141,KILLING PLACE,2
9780349433158,KILLING PLACE,15
9780349433172,COFFIN ISLAND,2
9780349433271,LITTLE BOOK OF,3
9780349434544,WICKED IN ME,2
9780349434902,SEEKING THE,1
9780349435534,DAUGTHR HEARTB,1
9780349435732,DANISH WR TEEN,3
9780349436562,BK ENCHANTED L,9
9780349438801,BLACK MAGIC,8
9780349440941,KISSING DEMONS,7
9780349440958,WATCHING GHOST,2
9780349440972,WALKING BY N,2
9780349701035,PRIVATE JOYS O,2
9780349702421,POOR LIL SICK,2
9780349726625,MATERIAL GIRLS,8
9780349726830,ALL IN MY HEAD,4
9780349726960,HAGS,25
9780349726984,HAGS,1
9780349727462,SAME OLD GIRL,12
9780575078819,BRAIDED PATH,1
9780575081574,NECRONOMICON,3
9780575082779,ELFSORROW,1
9780575082847,NIGHTCHILD,1
9780575095618,EYE WINTR FURY,2
9780575096387,SAVAGE CITY,3
9780575097520,FAIR REBEL,1
9780575129047,WASP,1
9780747267201,HAREM,1
9780749926786,HOLFORD DIETGL,1
9780749929626,STAR PRINCIPLE,1
9780749954116,SAY NO CANCER,2
9780749954901,CANCR SURVR CM,1
9780750296830,FROG OLYMPICS,2
9780750297097,ENDRNCE SHCKTN,1
9780750298209,GRT FR LNDN,1
9780751537581,CONSP VIOLENCE,1
9780751539110,MANCHES UNITED,2
9780751539158,VEIN DECEIT,1
9780751539486,THIRD BILL SLI,1
9780751543698,PROMISE NADIA,1
9780751547450,NOTTING HLL NY,2
9780751549744,LOST ABBOT,2
9780751549782,POISONOUS PLOT,1
9780751550245,FR NOTTING HIL,1
9780751552133,CHOC LOV XMAS,2
9780751552843,EXCTNR ST PAUL,1
9780751554885,DARKEST GOODBY,1
9780751556346,LND MY DREAMS,1
9780751557039,V BRIT PROBLMS,1
9780751559545,ROSELAND,4
9780751562743,CLERKENWELL AF,2
9780751563054,SAM KILLS CHRI,1
9780751563399,ROGUE TRADER,2
9780751565225,BFR I WS YOURS,1
9780751566079,STRT SCK DRAWR,2
9780751568707,WINTERS SNOW,1
9780751568912,LITTLE ALF,1
9780751569513,MRK OF MURDERR,1
9780751569544,DEVILS DSCPLES,1
9780751569742,HYGGE HOLIDAY,1
9780751570113,VERY BRITISH P,1
9780751570779,BACK IN THE FR,2
9780751572131,SUNNY DAYS AND,1
9780751572162,SUNNY DAYS AND,1
9780751572544,WORLDSFITESTBK,1
9780751572957,FREQUENCY OF U,1
9780751574135,MY LIFE WITH M,2
9780751574388,EMERGENCY QUES,2
9780751574456,BLACK RAIN FAL,2
9780751575057,ANNIVERSARY,6
9780751576849,HUNTED,1
9780751576863,UNDER SAME STA,2
9780751579864,ITALIAN ESCAPE,1
9780751579895,ONE ITALIAN,1
9780751580013,BEFORE THE STO,1
9780751580099,WILL YOU TAKE,2
9780751580112,RESCUE ME,1
9780751581034,LOUDER I WILL,1
9780751581072,HISTORY OF BRI,2
9780751581386,CHEATED,9
9780751581805,SECRETS OF ASH,4
9780751581898,PUDDING LANE P,2
9780751582024,MY FARMING LIF,1
9780751582406,BREAKING POINT,2
9780751582895,52 TIMES BRITA,1
9780751583007,OH  WHAT A LOV,1
9780751583151,PAYDAY,1
9780751583298,ECHO OFTHE DEA,1
9780751583564,CHEATED,8
9780751583823,ONCE UPON A CR,1
9780751583892,HOW TO SURVIVE,1
9780751584332,YEAR UNFOLDING,4
9780751585056,ONLY HEROES AN,2
9780751585476,RAMADAN JOURNA,6
9780751585766,CAN I HAVE MY,1
9780753820902,VICTORIAN LOND,2
9780753821251,BRUNEL,1
9780753822029,THROUGH GERMAN,1
9780753826638,HIST SCOTLAND,132
9780755315390,WINNING N ENGH,1
9780755322985,BUTCHR ST PETR,1
9780755332359,DANCE DEATH,1
9780755353767,LEGION,1
9780755353798,PRAETORN EOE11,1
9780755353828,BLOOD CROWS,3
9780755364220,POIROT AND ME,1
9780755390939,YR MRVLS WAYS,2
9780857058553,PHOTOGRAP @ 16,1
9780857381606,MACBETH,1
9780857384881,RICHER THN GOD,2
9780857384928,DEAD WONT SLEE,1
9780857389985,SECOND DEADLY,1
9780860689690,SOUTH RIDING,1
9781035400089,CHERRYWOD MURD,2
9781035400140,GOOD GIRLS D,1
9781035400751,FRENCH SPY,1
9781035400850,KNIGT ATLAN 17,1
9781035401208,HOPE THIS HE,2
9781035401673,WISH LISTS AND,42
9781035402274,ELON MUSK (A,7
9781035402489,TOFFE FAC GIRL,7
9781035402540,HAZARD SPECTRU,17
9781035402656,SMALL HOURS,20
9781035403738,LIFE WORTH LIV,6
9781035404438,BREASTFEEDIN,3
9781035404537,DUE DATE,1
9781035404612,VITAL ORGANS,56
9781035404933,GOOD BAD HISTO,3
9781035404964,KILLING TIME,90
9781035405602,GO SEEK,1
9781035405688,MURDER BY,10
9781035405954,HOW SAVE MONEY,4
9781035405985,OTHER WOMAN,42
9781035407293,COMMITTED,23
9781035407323,BANNERS O,237
9781035407705,TINSELTOWN,6
9781035407736,TINSELTOWN,6
9781035408399,JANUARY BABY,2
9781035408412,FEBRUARY BABY,1
9781035408436,MARCH BABY,2
9781035408450,APRIL BABY,1
9781035408474,MAY BABY,1
9781035408498,JUNE BABY,1
9781035408511,JULY BABY,1
9781035408535,AUGUST BABY,1
9781035408559,SEPTEMBER BABY,3
9781035408573,OCTOBER BABY,1
9781035408597,NOVEMBER BABY,1
9781035408610,DECEMBER BABY,2
9781035408689,MAD WOMAN,16
9781035409419,MAD GIRL,1
9781035409693,MAN'S BEST F,3
9781035410606,MERCHANT DAUGT,2
9781035411214,TRUMP: THE P,8
9781035411740,MANIFEST DAY,1
9781035411771,PLAYFAIR CRI,12
9781035412082,PLOT TWIST,20
9781035412372,MW TIME OF YR,5
9781035414659,LAST ORDERS,6
9781398700604,DEAR JOAN AND,2
9781398700758,KIND WORDS FOR,2
9781398701304,HOW TO HEAL A,7
9781398702226,LET'S TALK,1
9781398703155,30 DAYS PARIS,4
9781398704060,BOOK YOUR DOG,8
9781398705005,STAY,1
9781398705593,SUPPER WITH TH,1
9781398705944,TEN THINGS I H,3
9781398706675,GLASGOW KISS,2
9781398708952,RUNAWAY GIRL,8
9781398709355,HEARTFULL,1
9781398709386,HEART HEADSTON,1
9781398710177,QUEEN'S SHOW:,2
9781398711167,MARIAGE FORTUN,2
9781398711198,COURT BETRAYAL,8
9781398711358,WILD CARD,9
9781398712133,EVER AFTER,28
9781398712409,IT?S NOT BANTE,6
9781398714458,ISLAND SWIMME,1
9781398715950,LONG GOODBYE,6
9781398716445,FIRST COMES M,7
9781398716575,REUNION,2
9781398716605,WRONG CHILD,8
9781398717961,WITCH U WEREN',9
9781398718845,DEBUTANTE'S DE,5
9781398719415,EVERGREEN,7
9781398720336,BK YOUR CAT WI,92
9781398720862,ROMANTICISE YL,47
9781399600286,HAIRY DIETER E,21
9781399603911,TEN: THE DECAD,1
9781399603928,TEN,1
9781399604086,BEAUTIFUL POET,1
9781399604161,HIGH VAULTAGE,20
9781399604390,UNFINISHED B,1
9781399606189,I THOUGHT I HU,3
9781399607360,HAIRY DIETERS',15
9781399607681,MORTIFICATION,1
9781399609722,TAKE NOTHING 4,16
9781399609739,TAKE NOTHIN FG,12
9781399609852,KAVITHRI,1
9781399610117,#ITSFINE: LOSE,1
9781399611077,THE ORDNANCE,1
9781399611688,LIONESS - MY,2
9781399614009,MAIDEN  MOTHE,5
9781399614085,ELIZABETH BARR,1
9781399614153,SAMUEL TAYLOR,1
9781399614184,JANE AUSTEN,8
9781399614924,THE ORPHANAGE,4
9781399617253,SYNNERS,1
9781399619134,MESSI,7
9781399619196,CRISTIANO RONA,18
9781399700665,STILL POINTS,1
9781399700757,BUST?,2
9781399700801,MAKE YOU MINE,2
9781399701389,CHESS QUEENS,1
9781399701426,STORM OF WAR:,1
9781399701471,CLASH OF LEGI,15
9781399701884,DIET-WHISPERER,3
9781399701976,TWOCHUBBY,4
9781399703307,SOFT LAD,3
9781399703338,SOFT LAD,1
9781399704359,UNCIVILISED,26
9781399704793,ASTROLOGY SELF,1
9781399704854,ASTROLOGY SELF,1
9781399704984,DEF GD PERIMEN,6
9781399705202,ALL ON THE BRD,2
9781399705400,BABY NAMES 202,14
9781399707602,DEATHOFLESSER,7
9781399707640,DEATHOFLESSER,9
9781399707954,ACCEPTANCE,1
9781399708463,MINOR DISTURBA,19
9781399708524,EXERCISE WELL,66
9781399708692,MAN WITH A H,7
9781399708760,BLITZ GIRLS,1
9781399708876,BATTLE SONG,3
9781399709255,POWER OF MESS,2
9781399710107,ONE BOY  TWO B,1
9781399710138,ONE BOY,12
9781399710695,STYLE CHAPTE,31
9781399710923,HOW DOES,14
9781399710930,HOW DOES SHE,1
9781399711104,LIBRA SUICIDES,3
9781399711173,EXILED,2
9781399712453,EAT WELL WIT,2
9781399713047,FLYING HOME FO,4
9781399713580,CHILD OF THE R,4
9781399713702,CARBOLICS,5
9781399714983,EVRTHGISEV,5
9781399715164,MURDER AT BUNT,2
9781399715195,MURDER AT THE,1
9781399715249,MURDER AT THE,24
9781399715324,VINTAG DRES SH,5
9781399715331,CHG HEART VDS,7
9781399715447,HEALIN HOME GN,8
9781399717106,DARK PINES,1
9781399717137,RED SNOW,2
9781399717205,BLACK RIVER,1
9781399717250,BAD APPLES,8
9781399717410,SHANGHAI IMMOR,35
9781399717458,SHANGHAI IMMOR,4
9781399718158,ESCAPE FROM K,59
9781399719223,BECOMING US,14
9781399719285,LUNCH & DINNER,6
9781399719384,ENERGY SECRETS,1
9781399720359,I'LL LEAVE Y,2
9781399721332,VOICES OF ROME,11
9781399721561,LEGALLY RED,41
9781399721653,LOVE FRM VENIC,5
9781399722469,DELICIOUS GL,2
9781399723572,SAD GIRL NOV,1
9781399723930,ONCE A KING,40
9781399724661,SLIMMING EAT,4
9781399724685,TIL DEATH DO,9
9781399725194,UNLIKELY DUKE,21
9781399727297,SALT FLATS,6
9781399728034,JANEY,12
9781399729925,NURSES OF EAST,6
9781399729932,NURSES EASTBY,2
9781399731270,FEED YOUR FAMI,1
9781399731713,2025 HOROSCO,34
9781399800013,POWER OF IDEAS,9
9781399800020,POWER OF IDEAS,1
9781399800075,DEFENDER FAITH,2
9781399801324,WHISTLESTOP TA,1
9781399801515,REPACKAGING,1
9781399801539,REPACKAGING C,22
9781399802574,RAMBLING MAN,4
9781399802611,RAMBLING,8
9781399802659,COMPANY,9
9781399802710,HARDEST PROB,1
9781399803359,OH MIRIAM!: ST,8
9781399803373,"OH, MIRIAM",2
9781399804691,NEXT TO NATU,3
9781399805094,MIND FUEL,18
9781399805247,GODFORSAKEN,11
9781399805254,GODFORSAKEN,1
9781399805278,P IS 4 PILGRIM,21
9781399806480,GOD'S COSMIC,5
9781399806749,MIND FUEL 4 YE,4
9781399807142,EASTR ANTHOLOG,6
9781399807517,DECK THE HALL,8
9781399809481,HOW TYRANTS,1
9781399809870,DO YOUR BEST,2
9781399811095,BEING HUMAN,4
9781399811675,INTERESTING,7
9781399814843,MANGA BIBLE,94
9781408304372,BEAST QUEST 25,1
9781408307359,BQ SPCL 5,3
9781408313114,BEAST QUEST 44,1
9781408313206,BQ 53,1
9781408313213,BQ 54,1
9781408313220,BQ SPCL 7,2
9781408315200,BQ 57,1
9781408315231,BQ 60,2
9781408318409,BQ MSTR DST 3,1
9781408318676,BQ BTTLE BST,1
9781408324103,BQ SPCL 12,1
9781408326428,KATIE LNDN XMS,1
9781408327647,MVS MERMDSISTR,3
9781408327685,MVS GIRL GLASS,2
9781408329160,SCRT KNGDOM PX,2
9781408331934,KATIE IN LNDN,3
9781408332412,KATIE IN SCOTL,2
9781408332429,KTIE SPN PRNCS,1
9781408332450,KATIE WATERLIL,1
9781408334874,BQ 83,1
9781408336434,UNICORN PRINCE,1
9781408338872,MAGICANF MATFW,2
9781408340806,GQ 92 THORON,2
9781408340868,BQ 95 KRYTOR,1
9781408342978,BQ SPECIAL 18,1
9781408342992,BQ SPECIAL 19,1
9781408343074,BEAST QUEST S,2
9781408343135,BEAST QUST 100,4
9781408343210,BQ SKALIX SNP,3
9781408343234,BQ OKIRA CRSHR,1
9781408343333,BQ LYPIDA SHDW,1
9781408343364,BEASTQUESTMENO,7
9781408343449,BEAST QUEST Q,1
9781408343470,BEAST QUEST T,1
9781408343494,BEAST QUEST X,3
9781408345474,BQ ULTIMATE,2
9781408345702,CINDERELLA,1
9781408349823,DSCVR ART KTIE,1
9781408349922,BOY WHO STEALS,1
9781408351727,CHRISTMAS CARO,3
9781408353523,THERE'S A LION,2
9781408355756,OSCAR THE HUNG,2
9781408355961,BLUE,3
9781408357774,BEAST QUEST: F,1
9781408357798,BEAST QUEST: M,1
9781408357859,BEAST QUEST: N,1
9781408357910,BEAST QUEST: S,1
9781408359396,OSCAR THE HUNG,2
9781408359532,OSCAR THE HUNG,1
9781408361863,BEAST QUEST: L,1
9781408361887,BEAST QUEST: G,11
9781408362143,BEAST QUEST:,3
9781408362181,BEAST QUEST:,1
9781408362204,BEAST QUEST:,2
9781408365298,BEASTQ DDTHFSH,1
9781408365403,BEAST QUEST: K,1
9781408367421,BEAST QUEST:,22
9781408367445,BEAST QUEST:,27
9781408367469,BEAST QUEST:,8
9781408369678,BEAST QUEST:,20
9781408369692,BEAST QUEST:,144
9781408369715,BEAST QUEST:,13
9781408371824,BEAST QUEST:,5
9781408371930,BEAST QUEST:,32
9781408711330,DESERT SNIPER,2
9781408713488,BRIEF HISTORY,2
9781408713549,MIGRANTS,3
9781408714010,FOLLOW MONEY,2
9781408714324,ART OF PINK FL,1
9781408715185,BANGALORE DETE,1
9781408715314,VENETIAN CANDI,5
9781408715345,VENETIAN CANDI,10
9781408715352,VENETIAN SANCT,30
9781408715895,CITY OF GOD,4
9781408715901,KILLER XMAS AT,121
9781408715925,DAGGER OF DEAT,8
9781408715963,TURNING OVER T,4
9781408715970,TURNING OVER T,1
9781408716236,OBSESSED,2
9781408716373,SOCIETY OF TH,59
9781408716540,DEAD FIND,3
9781408716557,"BLOTTO, TWINK",1
9781408716588,BLOTTO PHANTOM,101
9781408716670,IT'S NOT ABO,2
9781408716731,GLOWING STIL,1
9781408717004,ANGASANA TREE,33
9781408717080,SORT YOUR HEAD,2
9781408717097,SORT YOUR HEAD,5
9781408717264,I KNOW WHO U W,1
9781408717776,DEEP POCKETS,1
9781408717790,DEEP POCKETS,10
9781408717844,UNEXPECT GUEST,19
9781408718186,DEADLINE DAY,7
9781408718773,UNMARKED GRAV,5
9781408718995,DEATH IN THE,3
9781408719404,SMART MONEY,202
9781408719442,ECHOING G,4
9781408725306,AFAIR O ASHMOR,12
9781408725320,AFAIR O ASHMOR,3
9781408726495,WILL I EVER PE,1
9781408726808,WILD LIGHT,2
9781408727119,HAVE I GOT N,2
9781408727195,FEVER PITCH,1
9781408727584,WINTER SPIRITS,21
9781408728406,THIS BOOK WI,3
9781408728413,UKRAINIAN XMAS,6
9781408728932,NY WINTER,5
9781408729298,OUT OF DARKNE,16
9781408729489,MISTRES ASHMOR,3
9781408729496,MISTRES ASHMOR,15
9781408729502,GATHERIN STORM,67
9781408729557,MIDWINTER TAIL,1
9781408730690,GRT BRITISH DA,3
9781408731109,FOREVER IN T,25
9781408732304,SO TELL ME W,122
9781408732953,TREASURE KHAN,2
9781408733028,HAVANA STORM,1
9781408733042,NAVIGATOR,25
9781409129233,PUSHINGTHELIMT,1
9781409137375,GETCHA RCKS OF,1
9781409148142,GRIFF SENDS LV,1
9781409152071,EAT CHOLESTERO,1
9781409155812,ALRGY FREE FAM,1
9781409157755,MARADONA,1
9781409157779,MARADONA,2
9781409163381,RDY STDY GLOW,1
9781409164166,GOOD GUT GUIDE,1
9781409165071,ON BOMBSHELL,1
9781409166382,CLEARSKNCOOKBK,1
9781409172437,PRESUMED DEAD,1
9781409172475,WHAT SHE SAW L,1
9781409172703,LIVING THE LIF,1
9781409172819,SWRD OF JUSTCE,1
9781409174776,FITTER FASTER,1
9781409175070,HAPPY,3
9781409175933,SLEEPER 13,2
9781409176411,OVERSHARE,1
9781409176596,LAST GREEK,1
9781409176992,SONG FOR THE D,1
9781409177067,SOLDTOBEAWIFE,1
9781409177586,SELFCARE PROJT,2
9781409179306,WEDDING PARTY,1
9781409179535,GRIME KIDS,2
9781409179818,TOOSCAREDTOCRY,1
9781409179849,2 LIVES LOUISL,1
9781409180289,EMPEROR'S SWO,4
9781409180883,ARE WE NEARLY,1
9781409181231,DENIAL,1
9781409182955,USE OF SELF,1
9781409183150,QUIET,1
9781409183433,365 DAYS OF SC,2
9781409184584,FIVE STEP HAPP,1
9781409184690,FESTIVAL,1
9781409185055,SPRING COMES T,1
9781409185741,REBUS LONG SH,1
9781409186731,PATCHWORK FAMI,1
9781409187707,SIGN OF DEVIL,2
9781409187745,CHOICE,1
9781409188506,CAT AND MOUSE,6
9781409188520,CAT AND MOUSE,2
9781409188551,SELF?ACCEPTANC,1
9781409189022,DADDY'S LITTLE,3
9781409190271,UNWANTED DEAD,1
9781409191117,THIS IS THIS C,1
9781409191223,COMPARISON CUR,5
9781409192411,BLACK FELL,3
9781409192657,NINE LIVES OF,2
9781409193692,DARKNESS FALLS,1
9781409195436,POPPY THE STRE,1
9781409197430,LONG WAY FROM,2
9781409197911,NAPOLEON'S SP,25
9781409198215,TREAS O SPARTA,4
9781409198321,PACT,1
9781409198871,UP IN SMOKE -,1
9781409199892,EMBRACING CHAN,1
9781444730289,CLMR HAPPR HMW,1
9781444734164,IS IT JUST ME,1
9781444743579,AFT THE WEDDIN,2
9781444745672,WISDOM HOUSE,2
9781444750133,HIST CHRISTNTY,1
9781444753479,CLMR HAPPR BYS,49
9781444763171,CRUEL FATE,9
9781444779967,THOSE BELOW,2
9781444792065,LYDIA,3
9781444794731,ORPHANAGE OF G,1
9781444799934,GREAT TROLL WA,1
9781444799965,GREAT TROLL WA,2
9781444913989,HOW BTRY DRAGN,1
9781444914115,CHERUB: LONE W,1
9781444914146,CHERUB: NEW GU,1
9781444928563,CHERUB: LONE W,1
9781444932188,CHRISTMFRYTMUP,2
9781444933277,NADIYA BK STRY,1
9781444934397,EVIE SLVR UNIC,2
9781444937268,SWAPSIES,4
9781444937282,"READY, RABBIT?",1
9781444938418,ADVENTURES OF,1
9781444939781,CHERUB: CLASS,1
9781444940107,MRS BLACKHAT,3
9781444941999,EMILYBROWNFACH,1
9781444945324,AGENT WEASEL A,1
9781444946314,WHERE THE SEA,2
9781444950786,FLEA SEEKS DOG,3
9781444952971,JACK'S SECRET,52
9781444952995,JACK SECRET WO,54
9781444956122,BONES AND BISC,1
9781444958232,BUNNY'S FIRST,3
9781444958324,BUNNY'S FIRST,2
9781444960075,MYSTERY BU BK1,1
9781444960310,MYSTERY OF DIS,1
9781444960341,MYSTERY OF SEC,1
9781444960372,MYSTERY OF SPI,2
9781444960402,MYSTERY OF MIS,3
9781444960433,MYSTERY HID B6,2
9781444960464,MYSTERY PAN B7,1
9781444961119,MO TALLY BK12,1
9781444961171,MOS MESS BK14,1
9781444961201,MYSTERY BA B15,1
9781444962000,STORIES OF S,1
9781444962574,WISHING-CHAIR,4
9781444962666,JANE AUSTEN'S,3
9781444962680,JANE AUSTEN'S,1
9781444963373,MFT NEW ADVENT,20
9781444963380,MFT NEW ADVENT,1
9781444965391,STORIES OF MIS,2
9781444965971,STORIES OF NAT,1
9781444966053,STORIES OF ANI,2
9781444966060,ENCHNTDLIB(WA),2
9781444966077,ENCHANTED LIBR,1
9781444966084,ENCHNTDLIB(SN),2
9781444966091,ENCHNTDLIB(FF),1
9781444966107,ENCHNTDLIB(TT),1
9781444966114,STORIES OF FAV,2
9781444966138,STORIES OF DRE,2
9781444967104,FAMOUS 5 COLOU,8
9781444967128,FAMOUS FIVE,6
9781444969214,FIVE-MINUTE,3
9781444969245,STORIES OF T,1
9781444969276,SPELLBINDING,56
9781444969306,STORIES FOR C,18
9781444969719,MYSTRY S C3,2
9781444974652,GOODNIGHT ST,34
9781444974683,FIVE-MINU,41
9781444974775,CRONGTON STORY,1
9781444974782,CRONGTON STORY,5
9781445146485,CURIOSITY BOX:,2
9781445152462,SS RUGBY,1
9781445156989,TIME TRAVEL GU,1
9781445159034,NEW ADVENTURES,1
9781445161686,IT'S MY BODY,1
9781472103536,LEGACY,16
9781472114242,SAVOY COCKTAIL,7
9781472115560,"TAKE CARE, SON",1
9781472116062,MB VIETNAM WAR,3
9781472117465,BIZAR SCOTLAND,4
9781472119056,AGNES SOREL: M,1
9781472119254,BOOKSHOP BOOK,1
9781472121912,CITY IN DRKNSS,1
9781472125224,BETELNUTTREEMY,2
9781472127457,PUPPET SHOW,1
9781472127761,COLD BREATH,1
9781472127914,HALFWAY,2
9781472127969,WILDERNESS,1
9781472127983,LUCIFER FALLS,1
9781472128287,BLOTTOTWINKSIR,1
9781472128317,"BLOTTO, TWINKS",1
9781472130129,CLR JAMES,1
9781472130662,LAST BOAT FROM,1
9781472131263,HITTING AGAINS,1
9781472131539,UNDER GROUND,10
9781472131713,CAT AND CORPSE,1
9781472131768,MAN WHO VANISH,1
9781472131942,CURATOR,1
9781472132000,DEAD GROUND,1
9781472132024,MIMOSA TREE MY,2
9781472132628,FEMINISM FOR W,1
9781472132871,THAT WILL BE,1
9781472133144,DEATH ON THE T,1
9781472133182,BLOOD ON SIBER,1
9781472133298,EMPTY ROOM,1
9781472133793,DEATH OF A DIV,2
9781472133847,GUARDED BY DRA,1
9781472133922,BLOTTO  TWINKS,2
9781472134004,THEMES FOR G,6
9781472134011,THEME 4 GREAT,9
9781472134578,DAVID STIRLING,4
9781472134592,DAVID STIRLING,2
9781472134639,(R)EVOLUTION,2
9781472134783,DROWNING NOT W,9
9781472134813,NO JUSTICE,2
9781472134912,VALUE,1
9781472135698,REAL MEAL REVO,4
9781472136091,OVRCOM BRAIN I,1
9781472136138,OVERCOMING TRA,1
9781472136374,MERITRAN CKING,1
9781472136770,BH OF AMAZONS,3
9781472137050,GROW VEGETABLS,2
9781472137500,MNDFLNS PZZ BK,5
9781472137890,BLUEPRINT,2
9781472138583,OVERCOMING ALC,1
9781472138613,HELPING YOUR C,1
9781472138675,OVERCOMING SEX,1
9781472138729,HELP CHILD SLE,1
9781472139016,HOW TO COPE WH,1
9781472139047,GROWING UP WIL,1
9781472139207,FISH BOOK,3
9781472139726,MISMATCH,1
9781472139856,GEEKS GUIDE T,2
9781472140081,COPING GRIEF 2,1
9781472140289,BRIEFHISFLORNI,1
9781472140319,OVERCOMING DIS,1
9781472140777,CHURCHILLS CO,2
9781472140838,TALK,1
9781472141057,STRESSLESS,1
9781472141576,BAD WORDS,2
9781472141804,MAMMOTH BOOK O,1
9781472141859,THINKINABTBRDG,1
9781472142283,MAKE YOUR OWN,5
9781472142405,SECRET HISTORY,2
9781472142498,YOUNGER FOR LO,1
9781472142566,FASTEST SHOW O,1
9781472142689,WORLD PUZZLE C,1
9781472142931,REAL MEAL REVO,8
9781472143525,WHALE IN LIVIN,2
9781472143624,HOW TO RAISE A,1
9781472143723,REALLY WILD CY,1
9781472143846,HOW TO BE AN A,1
9781472143884,HOW TO LIVE TO,2
9781472144096,HELLINGEN,1
9781472144270,LAST CONNECTIO,2
9781472144706,SHYNESS WORKBO,1
9781472144836,BASIC BLOCKCHA,2
9781472144874,ANGER WORKBOOK,17
9781472145055,MAMMOTH BOOK O,1
9781472145079,MAKING OF A LE,1
9781472145253,LOSING LOVED 1,1
9781472145345,HT GROW PODCAS,1
9781472145390,UNBREAKABLE ST,1
9781472145413,INDIAN TAKEAWA,1
9781472145512,CHANGING OUR M,3
9781472145697,PASTA FRESCA,3
9781472145888,SCALE AT SPE,7
9781472145895,SCALE AT SPEED,3
9781472145987,IT SHOULDN'T B,1
9781472146014,LIVING WELL WI,23
9781472146175,SEARCH,1
9781472146205,MAMMOTH BOOK O,4
9781472146465,BEHIND CLOSED,1
9781472146625,SEASONAL BAKER,11
9781472146731,BRIEF HISTORY,1
9781472146854,MINDFULNES PUZ,2
9781472147011,CURIOUS HIST D,1
9781472147066,HELPING YOUR A,1
9781472147226,LITTLE TREATME,37
9781472147271,TASTE KITCHEN:,1
9781472147387,BRIEFHISTORY A,8
9781472147523,HOW NOT TO F*C,3
9781472147561,MC WEDDIG SPEE,1
9781472147585,OVERCOMING WOR,9
9781472147745,ASTRLOGY PUZZL,2
9781472147769,HOW 2 SMASH ST,3
9781472147905,BRF HIST BRITI,1
9781472147912,BRIEF HIST BRI,1
9781472147950,PATCHWORK FAMI,1
9781472147967,PATCHWORK FAMI,4
9781472147981,FLOURISHING F,1
9781472148063,WE PLAY ON,3
9781472148216,MEXICAN TAKEAW,2
9781472148247,THAI TAKEAWAY,7
9781472148285,BK LOVER QU B2,1
9781472148360,HOW 2 BEAT AGO,2
9781472148384,LIVING WELL TH,1
9781472148407,ACCIDENTAL,1
9781472148445,3 DADS WALKING,5
9781472148490,TREE ALMNAC 24,1
9781472148797,ACTIVATE YR LI,4
9781472148810,WORK SMART NEG,4
9781472148872,START & RUN GD,1
9781472148889,WILDLIFE GDN,9
9781472148926,SCHOOL WIT DYS,2
9781472155122,CHAISE LONGU,2
9781472157263,WHIPS,8
9781472157287,WHIPS,18
9781472157904,METROPOLITAI,11
9781472204394,DEAD GROUND,1
9781472213402,DAY OF CASESRS,2
9781472213440,PLAYNG WTH DTH,1
9781472213686,INVADER,1
9781472222695,SIXSTORIESANES,3
9781472228215,BLOOD TIDE (PA,1
9781472228277,KILLING HOUSE,1
9781472234049,"EAT, DRINK, RU",1
9781472235183,NINTH RAIN (WI,1
9781472235213,BITTER TWINS (,3
9781472235244,POISON SONG  (,3
9781472236883,KING SOLOMON'S,3
9781472236913,SPEAR OF ATLAN,1
9781472242587,NEW GIRL,1
9781472249265,TALL MAN,2
9781472251107,STARGAZERS,1
9781472254757,HER HUSBAND',8
9781472255389,NOTES FROM AN,2
9781472255426,PERFECT GOOD M,2
9781472255440,WHOLE DAY THRO,1
9781472255525,FACTS OF LIFE,1
9781472256942,HEATHROW DOCTO,1
9781472257413,MOTHER'S BOY,2
9781472258496,HONOUR OF ROME,1
9781472258731,HIDDEN TRUTHS,1
9781472259561,LIST THAT CHAN,4
9781472259813,HOW TO LIVE PL,1
9781472259820,HOW TO LIVE,2
9781472263070,GUT FEELING,1
9781472263537,DIAMOND H,2
9781472264251,HOPEFORTHEBEST,3
9781472264374,SOMETHING GIRL,1
9781472265470,BACHELOR ESTAB,1
9781472265623,HEATSTROKE,30
9781472266774,DOING TIME,1
9781472266798,PLAN FOR THE W,2
9781472266972,THAT DAY YOU L,1
9781472267740,HOW TO BREAK U,2
9781472267788,TOMB WITH VIEW,11
9781472268099,KIERAN READ S8,1
9781472268204,MIND MURDERER,1
9781472268457,PRISONER,1
9781472270153,KINDNESS PROJE,1
9781472271143,12 HOURS TO SA,1
9781472272294,REAL LIFE MONE,1
9781472272379,CIRCLING SKY,2
9781472272515,WHAT MAKES US,1
9781472273208,ANOTHER TIME,6
9781472273512,FORFEIT,1
9781472275936,DEATH FROM A S,1
9781472277183,FORTNITE OUTF2,2
9781472277459,PUNDAMENTALIST,1
9781472278364,BRITISH CHEESE,1
9781472278883,CURIOUS ABSNCE,1
9781472278951,MIDLIFE METHOD,1
9781472279095,DOWN AND OUT,2
9781472279163,SCRT BRIDGEWAT,1
9781472279217,KEEPSAKE,1
9781472279989,ORPHANS ON TRA,4
9781472280404,CHAMP & CHUMP,2
9781472280800,THIS IS WHY I,1
9781472281272,"GOODBYE,",2
9781472281968,SPITFIRE KIDS,1
9781472281999,SPITFIRE KIDS,1
9781472282033,WHISTLE BLOWER,1
9781472282170,MINI PHILOSOPH,1
9781472283610,FORTNITE (OF,1
9781472283740,MIDNIGHT HOUSE,1
9781472283948,NEW LORRAINE M,8
9781472283986,JUST FOR TODAY,1
9781472284495,3 NITES ITALY,1
9781472284785,MOTHER MIDNIGH,1
9781472284792,REALM OF DARKN,2
9781472284822,REALMDARK(23),2
9781472284853,WITHOUT WARN,2
9781472285133,STRANGER NXT D,4
9781472285676,MURDER AT THE,1
9781472285713,CURTAIN CALL,1
9781472286314,CONSPIRACY,2
9781472286499,FIRST WIFE,3
9781472286697,PSALMS FOR T,1
9781472286895,CATALOGUE OF C,5
9781472286918,ABOUT TIME,1
9781472286949,ABOUT TIME,9
9781472287076,REBELLION (EA,8
9781472287489,WARRIOR,1
9781472287922,PROMISE ME,1
9781472287939,WEDDING YEAR,28
9781472287953,WEDDING YEAR,68
9781472288158,FORTNITE OFFIC,2
9781472288363,UTILITA FOOTBA,2
9781472288387,UT FB YB 23-24,2
9781472288431,LOVE FROM THE,2
9781472288561,JAMES ACASTER',2
9781472288578,JAMES ACASTER',3
9781472288714,CLOSER TO TH,3
9781472289209,FIVE STEPS TO,3
9781472289278,WALKING BACK H,1
9781472289865,TUTANKHAMUN,11
9781472290885,PLAYFAIR CRICK,1
9781472291226,WHITE ASH RID,13
9781472291523,FORTNITE OFFIC,2
9781472291578,JOY OF SNACKS,4
9781472291608,POWER DECADE,3
9781472291615,POWER DECADE,17
9781472292018,BEYOND GRIEF,8
9781472292544,SOMEONE YOU K,41
9781472292766,GIRLS BATHROOM,2
9781472292773,GIRLS BATHROOM,1
9781472293190,PROMISES OF RU,2
9781472293220,SHADOWS IN TH,3
9781472293251,LEGACY OF THE,5
9781472293329,DELICIOUS SIMP,1
9781472293527,HOUSE OF LOST,1
9781472293749,DOUBLE IL,2
9781472293756,DOUBLE ILLUSIO,1
9781472293787,DARKEST NIGHT,1
9781472294326,TRAITOR?S WIFE,7
9781472294746,MAGIC,1
9781472294814,EIGHT BRIGHT,2
9781472295033,SHETLAND XMAS,1
9781472295095,CHRISTMAS,19
9781472295378,DEATH DEAD 17,1
9781472295552,MOTHER'S DAY,5
9781472295903,TWO MAGPIES BA,3
9781472296290,EXPLODING TOMA,38
9781472296351,DANCING WITH,4
9781472296368,DANCING WIT RE,4
9781472296597,HAMMER TIME,9
9781472297167,MESS WE?RE IN,7
9781472297341,STOLEN CROWN,1
9781472297402,FORTNITE OFFIC,4
9781472297464,ROYAL WARDROBE,9
9781472298416,ART OF EXPLANA,2
9781472298591,HOW TO BE A,1
9781472299048,UNSTOPPABLE,1
9781472299536,TURDLE!,1
9781473205352,ANKH-MORPORK A,1
9781473206090,ROBOTEER,2
9781473211469,DOWN STATION,1
9781473213180,STRANGR TEMPST,4
9781473214866,EMBER BLADE,2
9781473214897,SHADOW CASKET,2
9781473214910,SHADOW CASKET,3
9781473217973,TIME MACHINE,1
9781473218024,WAR OF WORLDS,1
9781473221826,MODERN WORLD,1
9781473223240,WORLD ENGINES:,1
9781473223509,ULTIMATE DISCW,1
9781473225220,WE ARE THE DEA,1
9781473225251,FOOL'S HOPE,1
9781473225305,UNTIL THE LAST,2
9781473227439,STORMBLOOD,1
9781473228559,GALLOWGLASS,4
9781473228740,THIRTEEN STORE,10
9781473228771,FAMILYBUSINESS,2
9781473228924,THOUSAND EARTH,1
9781473229648,ANKH MORPRK V2,2
9781473230200,CASTLES MADE O,1
9781473230842,UNGRATEFUL DEA,6
9781473230903,THIS,1
9781473230958,PURGATORY MOUN,1
9781473232525,AGAINST ALL GO,1
9781473234390,COLLARBOUND,1
9781473234475,LIGHTBORN,1
9781473234802,NINETEEN 84,1
9781473613355,JUST LIVING,1
9781473616851,DARK NGHT SHED,1
9781473619470,MNDFLNS WORRIR,1
9781473620292,WORD PLAY,4
9781473622760,CLM EAS SCRN T,1
9781473628885,VENGEANCE: EMP,1
9781473629455,WITCHLING'S GI,2
9781473631021,FALL FROM GRAC,1
9781473631045,TRICK OF THE L,1
9781473637535,EMPATHY INSTIN,1
9781473639607,HURRAH FOR GIN,1
9781473640054,IDEASRURONCURR,2
9781473641037,IBERIAN FLAME,1
9781473641044,IBERIAN FLAME,2
9781473641464,FODMAP FK CKBK,1
9781473642089,GO LEAN VEGAN,2
9781473648913,GOD IS STRANGE,1
9781473650572,FOOD MEDIC LIF,1
9781473650718,CLASS ACT,2
9781473651432,GORDON RAMSAY,8
9781473652255,MATILDA & THE,4
9781473652453,UNLEASH DEMONS,2
9781473656017,CELL WORKOUT,11
9781473657618,MANAGNG MY LFE,1
9781473661905,SOBER DIARIES,2
9781473663961,RAG AND BONE,1
9781473664661,VISITOR,1
9781473666252,SEX: LESSONS F,1
9781473666481,PARADISE GARDE,2
9781473667846,KILTED YOGA,7
9781473671386,EVERYBODY DIED,1
9781473671546,CULTURE OF GD,1
9781473672000,SLOW BURN,3
9781473672031,FAST TRACK,1
9781473673236,CORNER SHOP,7
9781473676657,PISCES,1
9781473676732,CANCER,1
9781473676862,SAGITTARIUS,1
9781473676886,CAPRICORN,1
9781473677814,DAUGHTER'S JOU,1
9781473678163,NIGHT,1
9781473678682,BOROUGH MARKET,1
9781473679573,STILL CRAZY,13
9781473680968,HOW TO GO VEGA,1
9781473685505,MIDNIGHT AT MA,3
9781473687370,HALF A WORLD,1
9781473691247,ALL ON THE BOA,1
9781473691797,IF ONLY,1
9781473693760,RUSSIAN DOLL,1
9781473694965,HODDER BC ACTS,1
9781473695016,HODDER BC LUKE,14
9781473695023,HODDER BC MARK,13
9781473695030,HODDR BIBLE CM,25
9781473697355,CHILDRENOFTRBL,1
9781473698512,HBC JOSHUA,23
9781473698727,TO THE EASTERN,1
9781474601559,WHO'S IN  WHO',1
9781474605045,CLOSE NO CIGAR,1
9781474605687,SOMEFANTASTICP,1
9781474606325,JONAS KAUFMANN,2
9781474607360,COMMODUS,1
9781474607643,LAST WORD'S UN,4
9781474609517,BOOK OF UNEXPL,1
9781474609869,FOOT WORK,1
9781474612401,ANTISEMITISM,1
9781474612524,AGAINST THE LA,1
9781474613194,LIVES BETWEEN,1
9781474613361,DEVOTION,1
9781474614139,TWILIGHT CITIE,2
9781474616683,HEY HI HELLO,3
9781474616744,GREAT PHILOSOP,2
9781474616782,GREAT PHILOSOP,1
9781474616799,GREAT PHILOSOP,1
9781474617338,TYPES AND SHAD,1
9781474617857,TEN THOUSAND A,1
9781474618427,COURSES FOR,2
9781474618861,MEN AT WAR,2
9781474618878,MEN AT WAR,1
9781474619110,IN PRAISE OF F,2
9781474619516,MEDICAL GRADE,3
9781474619875,WELL CHOSN GDN,1
9781474620574,ABOUT A SON,2
9781474621069,WHITE DEBT,1
9781474621625,36 ISLANDS,1
9781474621632,36 ISLANDS,2
9781474622882,STONES OF LOND,1
9781474623414,WHALE AT THE E,1
9781474623421,DAM BUSTER,3
9781474623438,DAM BUSTER,1
9781474623599,HAPPY TRA,13
9781474624596,FASTER THAN CB,35
9781474625098,TRELAWNY?S COR,13
9781474625159,MARGOT AT WAR,2
9781474625173,SOCIETY'S QUEE,1
9781474625197,STY SCANDINAVI,2
9781474625401,COME MY FANATI,1
9781474625548,PAPER CUTS,1
9781474625654,W. B. YEATS,4
9781474625678,BRONTES: SELEC,1
9781474625692,ROBERT BURNS,1
9781474625760,SAHARA,3
9781474625777,HIMALAYA,7
9781474625784,NEW EUROPE,1
9781474625807,BRAZIL,7
9781474625814,FULL CIRCLE,7
9781474625838,MICHAEL PALIN',10
9781510105416,WHERE THE RI,3
9781510105836,ISS VIPER,1
9781510105874,ISS VULTURE,1
9781510201774,TRAPDOOR MYSTE,1
9781526301284,LETS CELEBRATE,1
9781526301581,NATURE DETECTI,1
9781526303462,SH MR FAWKES,1
9781526311719,GET ACTIVE!: M,1
9781526360175,BOYSGUIDEGRWUP,5
9781526360182,GIRLS GUIDE GU,3
9781526361066,BRONTES,1
9781526361073,BRONTES,1
9781526361868,YOU GOT THIS,2
9781526363893,YOU WILL BE OK,13
9781526382665,JOB SQUAD: WE,1
9781529301984,HBC PSALMS 42-,19
9781529302110,HODDR BIBLE CE,35
9781529303322,GROWING GOATS,2
9781529303391,SKYLARK,9
9781529303636,LIAMCHRLSSHLPN,1
9781529305241,CURSED PLACE,1
9781529305296,BURNING TIME,6
9781529309218,LOOKING TO S,2
9781529309799,STAYING ALIVE,2
9781529310269,PST OFFICE GRL,1
9781529311150,"MARIGOLDS, MYR",2
9781529311488,WORD PERFECT,1
9781529312195,RELENTLESS,2
9781529317169,LANGUAGES OF L,1
9781529317176,AS MANY AS THE,1
9781529318272,WINDSWEPT & IN,1
9781529318647,BEARD THEOLO,2
9781529318661,IMAGE BEARERS,1
9781529326710,SIGNS OF CIVIL,2
9781529327014,BIBLE: A STORY,1
9781529327847,SECRET LIFE OF,1
9781529330618,QUEST FOR QUEE,1
9781529330625,QST FOR QUEENM,3
9781529336283,DELIVERANCE,1
9781529336719,HOUSE OF SILEN,2
9781529338645,UNCOMMON WEALT,5
9781529339413,HOW TO WIN,1
9781529340174,BOOK FOR LIFE,1
9781529341065,DYING DAY,4
9781529341096,DYING DAY,1
9781529341102,LOST MAN OF BO,2
9781529342185,THIRSTY ANIMAL,4
9781529342727,STOP READING T,6
9781529342772,NUMBER BIAS,2
9781529344097,DECISIVE MIND,4
9781529344219,LIV'S ALONE,2
9781529345193,RUNNER,1
9781529346190,LOVE AND FURY,1
9781529346510,RAINBOWS END I,1
9781529346893,INFLUENCE EMP,5
9781529347647,MY BROKEN VAGI,1
9781529347685,MY BROKEN VAGI,1
9781529348859,RUNNING CLUB,1
9781529349344,INSIDE NO. 9:,1
9781529349702,BOROUGH MARKET,1
9781529349733,BOROUGH MARKET,1
9781529350067,AN ESCAPE TO,1
9781529350319,SIDESPLITTER,1
9781529350432,BACK TO NATURE,1
9781529351057,WHERE THE WILD,1
9781529351361,GOLDEN DREAMS,1
9781529351491,HOW TO BUILD A,1
9781529351866,PANIC,12
9781529351880,#PANIC,22
9781529352443,ALMARINA,2
9781529354102,STATIN-FREE LI,1
9781529355888,OMELETTE,2
9781529356694,SANCTUARY,2
9781529357820,SILENT CHILD,2
9781529358100,GHOST SPECIE,1
9781529358285,WHEN THE DUS,2
9781529359732,MILES TO GO BE,1
9781529360042,SUPPER FOR S,1
9781529360226,LUNAR LIVING J,3
9781529362176,TELL ME WHO,3
9781529363043,DIAMOND,2
9781529363135,NEW JESSIE KEA,4
9781529363784,SPINNING PLATE,1
9781529364057,JOURNEYS TO IM,2
9781529366693,BIRTHDAY GIRL,2
9781529366921,THAT JEWISH T,1
9781529367508,STEPHEN LEATHE,2
9781529367638,UNDISCOVERED D,1
9781529367652,HANDBOOK FOR,22
9781529368871,HOW TO GO VEGA,1
9781529368963,COMEDIAN'S PRA,3
9781529370324,ACCIDENTL ICON,1
9781529370379,BURN,1
9781529370713,DENNIS NILSEN,1
9781529370997,LOCH DOWN ABBE,2
9781529371444,PARALLEL HELLS,3
9781529371833,ANY GIRL,3
9781529372595,WOMAN REMEMBE,1
9781529372601,WOMEN REMEMB,5
9781529372984,MANDELA BRIEF,1
9781529373189,(RE)CREATE Y,6
9781529374544,GIRL BEHIND GA,3
9781529375312,LIVES OF LEAVE,1
9781529375879,HUNTING GHISLA,3
9781529375923,QUEEN FOR ALL,1
9781529375947,QUEEN FOR ALL,4
9781529376555,CHRONIC FAT,1
9781529376784,IT'S A CONTINE,1
9781529377354,FRENCH HOUSE,1
9781529377699,THIS WON'T HUR,1
9781529377729,THIS WON'T HUR,9
9781529379563,PRESIDENTS,1
9781529381108,LOVE LETTER TO,1
9781529381115,LOVE LETTER TO,1
9781529381412,CRUEL DEEDS,1
9781529382358,JOURNEY TO THE,4
9781529382860,FEMALE FACTOR,4
9781529383317,KING DEAD LONG,3
9781529383720,BEACH HOLIDAY,1
9781529383805,BLOOD LINE,1
9781529383898,COLD CASE,1
9781529383904,COLD CASE,4
9781529384529,"EAT, GAY, LOVE",1
9781529384574,UNWELCOME VISI,1
9781529387452,NATIONAL TREAS,1
9781529388732,TRADER'S WIFE,2
9781529388763,TRADER'S GIFT,3
9781529388770,TRADER REWARD,2
9781529389180,AT THE CAPTAIN,1
9781529389708,ROYAL LIFE,4
9781529389739,ROYAL LIFE,7
9781529390773,REBUILDING T,1
9781529392067,PLACE AT TABLE,17
9781529392814,FORGET ME NOT,1
9781529393262,MINDBREAKER,2
9781529393316,BARRY HEARN: M,1
9781529393347,BARRY HEA,3
9781529394054,EVRYTHG BLUE P,5
9781529394276,GOOD BARD UGLY,2
9781529394498,BACK IN THE DA,2
9781529396911,POWER OUTSIDER,1
9781529396935,POWER OUTSIDER,25
9781529397475,TOO MUCH,1
9781529398090,TWOCHUBBYCUBS,1
9781529398205,LUNAR LIVING,1
9781529399424,GARTH MARENGH,1
9781529399677,SCENT FLOWER N,12
9781529400717,WIDOW?S HOPE,1
9781529402322,DOORS: FIELD,5
9781529402346,DOORS: COLONY,3
9781529402353,DOORS: TWILI,1
9781529406900,ALL I WANT FOR,2
9781529407358,LAST TO DISAPP,29
9781529409215,INVISIBLE WEB,18
9781529409635,PP&Y FOCUS,1
9781529410082,CITY OF WOND,1
9781529410815,ASTON MARTIN,1
9781529411348,PRIEST OF CROW,1
9781529411416,DAWN OF LANGUA,7
9781529411492,WHAT NOT TO S,1
9781529411515,WHAT NOT TO S,1
9781529412284,SCORPIO ORACLE,2
9781529412291,ARIES ORACLE,1
9781529412314,GEMINI ORACLE,2
9781529412321,CANCER ORACLE,3
9781529412338,LEO ORACLE,2
9781529412345,VIRGO ORACLE,1
9781529412369,SAGITTARIUS OR,1
9781529412376,CAPRICORN ORAC,1
9781529412383,AQUARIUS ORACL,1
9781529412390,PISCES ORACLE,3
9781529412451,BILL BAILEY'S,3
9781529412482,BILL BAILEY'S,6
9781529412864,JOY OF GARDENI,2
9781529413526,LOVE LETTER KQ,1
9781529414219,BOOKSELL INVER,1
9781529414264,WINTER LIST,10
9781529415391,FOUL DEEDS A,5
9781529416916,MIRROR OF OUR,4
9781529417241,ONE KENSINGTON,2
9781529417463,WINTER SWIMM,4
9781529417531,PAST UNEARTHED,6
9781529418460,GLADIATOR MIND,2
9781529418699,LIMINAL,4
9781529419009,FINDIG 4EVER H,1
9781529419627,ANYTHING COULD,1
9781529420425,BEST DAY LIVES,1
9781529421095,LOST GIRL FRO,1
9781529421101,LOST GIRL FRO,2
9781529421217,HOW TO GROW,5
9781529421279,STAY BURIED,4
9781529421774,ALL SOULS' D,3
9781529422344,LESSONS IN L,2
9781529422832,NOTHING BELONG,2
9781529423914,BAD INFLUENC,21
9781529424775,WLD ACCOR KALE,1
9781529425673,LONG WATER,5
9781529425765,CHOICE,5
9781529425864,LOST AND NEVER,13
9781529426885,WATER AND PE,14
9781529427400,ETHNOBOTANICAL,4
9781529427608,CHASED BY PAND,5
9781529427783,MY RUSSIA,3
9781529427813,MY RUSSIA,30
9781529428575,ON DAYS LIKE T,29
9781529428872,MY FAMILY & OT,6
9781529429046,HER LAST SUMM,3
9781529429541,SLIMMING AND,2
9781529429954,TURKIYE,6
9781529430479,BUDGET HAPPY,15
9781529432367,UNTIL THY WRAT,1
9781529433302,CONFESSIONS,34
9781529433739,ISLANDER,6
9781529434156,GREAT MODERN P,12
9781529434248,GREAT RIDES,23
9781529436143,MY ANIMALS & O,1
9781529436389,TINY TASTEBUD,1
9781529436624,HOW TO DRESS Y,1
9781780227924,RUN ASHORE,1
9781780228129,COMRADES WAR,2
9781780591544,LITTLE MINDFUL,1
9781780592749,LITTLE DEPRESS,1
9781780592770,LITTLE ANXIETY,2
9781780870533,MOVIE TELLER,4
9781780870571,LOW ROAD,2
9781780870984,UNTIL THY WRAT,1
9781780875873,WHAT RLLY KNW,1
9781782061090,HSTRY OF WORLD,1
9781782067764,PEG PLUNKETT,1
9781782068433,SEEKER,2
9781782068471,BLACK FRIAR,1
9781782069454,MATHS HANDBOOK,1
9781782069928,TURNING THE,1
9781784298098,KIN,1
9781784298111,COUNCIL,1
9781784299545,PPL WITHOUT V2,1
9781786155924,PRINCES GATE,2
9781786157270,SILKEN ROSE,1
9781786159625,BECOMING DR JO,30
9781786482204,SNOW ANGELS,4
9781786484185,DESTROYING ANG,1
9781786484901,BOOKOFFORGTNAU,2
9781786486707,HOUSE AT SILVE,1
9781786488817,NORSE MYTHS,2
9781787473614,BEAR PIT,1
9781787474338,DIRTY LITTLE,20
9781787474666,LOST CHILD,7
9781787474680,PIT GIRL,10
9781840320015,WINNIE POOH,1
9781841192482,MAMMOTH BK OF,2
9781841195513,BRIEF HISTORY,1
9781841198408,CLIENT CENTRED,3
9781841212968,CAN YOU CATCH,1
9781841882895,HAPPY VEGAN,1
9781841883366,POWER IN YOU,1
9781841884073,HEALTHY BIKERS,2
9781841884158,WHAT WOULD JUR,2
9781841884561,FEED YOUR FAMI,2
9781841884929,TIME,2
9781841884943,DINOSAURS,11
9781841885179,AND IT WAS BEA,3
9781841885636,NUMBERS,1
9781842120033,ANGLO-SAXON CH,1
9781842550205,THIEVES OSTIA,1
9781842550212,SECRET VESUVIU,1
9781842555064,SIRENS SURRNTM,1
9781842556085,MAN PMGRNT STR,1
9781844083084,BLAMING,1
9781844084944,TORTOISE HARE,1
9781844085996,EVERY SECRET T,8
9781844087198,SECRET DIARIES,1
9781844088683,BDSIT DISCO QU,1
9781844088836,HIGH RISING,2
9781844089888,EMILY NEW MOON,1
9781845286040,CATCH BIG PIKE,1
9781845296889,MAMMOTH BOOK O,1
9781848665293,ONEIROS,1
9781849012935,PSYCH BABY,3
9781849013680,MAMMOTH BOOK O,1
9781849016896,BRIEF HISTORY,3
9781849018784,OVRCOMIG ANX 2,1
9781849162449,GAME OF SORROW,1
9781849163163,CRUCIBLE OF SE,1
9781849163194,DEVIL'S RECRUI,2
9781905147816,A TREE WITHO,1
9781905410422,5-A-DAY FOR KI,1
9781905410484,COOK'S POCKET,2
9781905410491,GARDENER'S POC,2
9781905410965,HOW TO HELP YO,1
9781907087035,DOG LOVER?S PO,1
9781907087059,CAT LOVER?S PO,3
9781907087110,GOLF POCKET BI,1
9781907087127,BAKING POCKET,1
9781907087271,LONDON POCKET,3
9781908281920,MY PREGNANCY R,1
9781908281982,HOW TO HELP YO,1
9781908974235,MK OWN SOAP,1
9781910336564,MY FIRST PREGN,3
9781911350736,BENT,1
9781911350842,BRAZILIAN PS,2
